DatabaseName,SchemaName,TableName,DistrictOrganizationalBusinessArea,OrganizationalBusinessArea,FunctionalApplication,TechnicalArea,TechnicalPurpose,Confirmedby,Assigned,Comments
Assessment,dbo,ROSTER_WR58,Curriculum & Instructional Support,Accountability & Assessment,Assessment,Assessment,Assessment,,Mike Quast,
Assessment,dbo,ROSTER_WRI,Curriculum & Instructional Support,Accountability & Assessment,Assessment,Assessment,Assessment,,Mike Quast,
Assessment,dbo,SUBTEST_FACT,Curriculum & Instructional Support,Accountability & Assessment,Assessment,Assessment,Assessment,,Mike Quast,
Assessment,dbo,Survey_Respondent_Report,Curriculum & Instructional Support,Accountability & Assessment,Assessment,Assessment,Assessment,,Mike Quast,
Assessment,dbo,Survey_Respondent_Status,Curriculum & Instructional Support,Accountability & Assessment,Assessment,Assessment,Assessment,,Mike Quast,
Assessment,dbo,TEST_STU_ACC_OOD,Curriculum & Instructional Support,Accountability & Assessment,Assessment,Assessment,TEST STU ACC OOD,,Mike Quast,
GSDR,dbo,DOE_EL_HISTORY,Curriculum & Instructional Support,Data Reporting,State Reporting,State Reporting,English Learners,,Beth Russell,
GSDR,dbo,PreK_Entrance,Curriculum & Instructional Support,Early Learning & School Readiness,Reporting,Reporting,PreK,,Lori Hall,
GSDR,GEMS,SASI_ACHS_ES,Curriculum & Instructional Support,Instructional Development & Support,Course/Class/Section,Course/Class/Section,Course History - ES,,Jeff Robertson,
GSDR,GEMS,SASI_ACHS_MS,Curriculum & Instructional Support,Instructional Development & Support,Course/Class/Section,Course/Class/Section,Course History - MS  ,,Jeff Robertson,
GSDR,GEMS,SASI_ACLH,Curriculum & Instructional Support,Instructional Development & Support,Course/Class/Section,Course/Class/Section,Class History,,Jeff Robertson,
GSDR,GEMS,SASI_ACLS,Curriculum & Instructional Support,Instructional Development & Support,Course/Class/Section,Course/Class/Section,Classes,,Jeff Robertson,
GSDR,GEMS,SASI_ACRS,Curriculum & Instructional Support,Instructional Development & Support,Course/Class/Section,Course File,Course File,,Jeff Robertson,
GSDR,GEMS,SASI_ACRS_RAW,Curriculum & Instructional Support,Instructional Development & Support,Course/Class/Section,Course File - Raw,Course File - Raw,,Jeff Robertson,
GSDR,GEMS,SASI_AMST,Curriculum & Instructional Support,Instructional Development & Support,Course/Class/Section,Sections,Sections,,Jeff Robertson,
GSDR,GEMS,SASI_SMST,Curriculum & Instructional Support,Instructional Development & Support,Course/Class/Section,Sections,Master Schedule Supplemental ,,Jeff Robertson,
