DatabaseName,SchemaName,LastUpdated,DerivedStaticChging,TableName,DistrictOrganizationalBusinessArea,OrganizationalBusinessArea,FunctionalApplication,TechnicalArea,TechnicalPurpose,Core,StoredProcedureRef2Table,Initial,Reviewed,BUCnt,ProcLgCnt,Temp,Need,Alltables
ApplicationData,dbo,2020-09-14 08:08:46.747,Chg-d,ROSTER_GSC,Curriculum and Instructional Support,Accountability and Assessment,Roster,Roster,StudentRosterDemographics,Core,No Dependancies Found,DSM,MQ 2-1-21,0,0,0,1,1
ApplicationData,dbo,2020-09-14 08:15:24.377,Chg-d,ROSTER_GSS,Curriculum and Instructional Support,Accountability and Assessment,Roster,Roster,StudentRosterDemographics,Core,No Dependancies Found,DSM,MQ 2-1-21,0,0,0,1,1
Assessment,dbo,2016-05-25 09:14:23.643,Chg-d,ASSESS_SAT,Curriculum and Instructional Support,Accountability and Assessment,Assessment,Assessment,Reporting,Core,sp_SubtestFact_SATNew,DSM,MQ 2-1-21,0,0,0,1,1
Assessment,dbo,2019-07-14 14:04:44.447,Chg-d,GATEWAY_STU_HGH,Curriculum and Instructional Support,Accountability and Assessment,Assessment,Assessment,Assessment,Core,"sp_load_gwy_intervention
sp_load_roster_gwy_UsedUntil2019
sp_load_roster_gwy
sp_load_roster_gwy_old
sp_load_ROSTER_GWY_ALL
sp_load_roster_gsc
sp_load_roster_gss
",DSM,MQ 2-1-21,0,0,0,1,1
Assessment,dbo,2019-07-14 14:04:44.747,Chg-d,GRADUATION_SUMMARY,Curriculum and Instructional Support,Accountability and Assessment,Assessment,Assessment,Assessment,Core,sp_load_graduation_summary,DSM,MQ 2-1-21,0,0,0,1,1
Assessment,dbo,2018-04-24 12:12:44.787,Chg-d,GWY_RETEST_ROSTER,Curriculum and Instructional Support,Accountability and Assessment,Assessment,Assessment,Assessment,Core,sp_load_gwy_intervention,DSM,MQ 2-1-21,0,0,0,1,1
Assessment,dbo,2020-02-14 14:34:48.133,Static,GWY_Writing_In_USHistory_ISR,Curriculum and Instructional Support,Accountability and Assessment,Assessment,Assessment,GWYWritingInUSHistoryISR,Core,No Dependancies Found,DSM,MQ 2-1-21,0,0,0,1,1
Assessment,dbo,2021-06-01 16:28:20.867,Chg-d,ROSTER_CRCT,Curriculum and Instructional Support,Accountability and Assessment,Assessment,Assessment,Assessment,Core,"sp_execute_Iowa_Cogat_report
sp_execute_interim_report
sp_execute_Iowa_Cogat_report_Jan20
sp_execute_saturday_report_2
sp_execute_saturday_report_session_3_bkup
sp_execute_saturday_report_session_3
sp_execute_saturday_report_session_2
sp_execute_EOG_preid_Summer
sp_execute_saturday_report_3
sp_execute_saturday_report_3_withinfo
sp_execute_saturday_report_2_test
sp_execute_Iowa_Cogat_report_Dec
sp_execute_saturday_report_session_1
sp_execute_Iowa_Cogat_report_Bkup
sp_load_roster_crct
sp_execute_saturday_report
sp_execute_EOG_preid
",DSM,MQ 2-1-21,0,0,0,1,1
Assessment,dbo,2018-09-25 08:44:04.293,Static,ROSTER_GRAD,Curriculum and Instructional Support,Accountability and Assessment,Assessment,Assessment,Assessment,Core,"sp_load_roster_grad
",DSM,MQ 2-1-21,0,0,0,1,1
Assessment,dbo,2018-09-25 08:44:52.217,Chg-d,ROSTER_GRAD_FOR_SUMMARY,Curriculum and Instructional Support,Accountability and Assessment,Assessment,Assessment,Assessment,Core,"sp_load_roster_grad
sp_load_graduation_summary
",DSM,MQ 2-1-21,0,0,0,1,1
Assessment,dbo,2020-09-14 08:06:40.817,Chg-d,ROSTER_GSC,Curriculum and Instructional Support,Accountability and Assessment,Assessment,Assessment,Assessment,Core,"sp_load_roster_gsc
",DSM,MQ 2-1-21,0,0,0,1,1
Assessment,dbo,2020-09-14 08:07:02.440,Chg-d,ROSTER_GSS,Curriculum and Instructional Support,Accountability and Assessment,Assessment,Assessment,Assessment,Core,"sp_load_roster_gss
",DSM,MQ 2-1-21,0,0,0,1,1
Assessment,dbo,2020-12-18 07:37:54.820,Chg-d,ROSTER_GWY,Curriculum and Instructional Support,Accountability and Assessment,Assessment,Assessment,Assessment,Core,"sp_execute_g10_preid_retesters
sp_execute_g10_preid_UsedUntil2019
sp_execute_g10_preid
sp_load_roster_gwy_UsedUntil2019
sp_load_roster_gwy
",DSM,MQ 2-1-21,0,0,0,1,1
Assessment,dbo,2019-07-18 12:15:17.753,Chg-d,SUBTEST_FACT,Curriculum and Instructional Support,Accountability and Assessment,Assessment,Assessment,Assessment,Core,"sp_SubtestFact_EOG
sp_SubtestFact_EOC
sp_SubtestFact_HS_GWY_NEW
sp_SubtestFact_ACT_NEW
sp_SubtestFact_COGAT_NEW
SP_SF_ECT
sp_SubtestFact_PSAT89
sp_SubtestFact_PSATNMSQT
sp_SubtestFact_SATNew
sp_SubtestFact_AP_NEW
sp_SubtestFact_ITBS_NEW
sp_UpdateGradesInSubTest_Fact
",DSM,MQ 2-1-21,0,0,0,1,1
Assessment,dbo,2021-03-22 17:41:42.970,Chg-d,Survey_Respondent_Report,Curriculum and Instructional Support,Accountability and Assessment,Assessment,Assessment,Assessment,Core,"sp_execute_survey_report
sp_execute_survey_report_Before2018
",DSM,MQ 2-1-21,0,0,0,1,1
Assessment,dbo,2019-07-14 14:05:39.950,Chg-d,Survey_Respondent_Status,Curriculum and Instructional Support,Accountability and Assessment,Assessment,Assessment,Assessment,Core,"sp_execute_survey_report
sp_execute_survey_report_Before2018
",DSM,MQ 2-1-21,0,0,0,1,1
Assessment,dbo,2019-07-14 14:05:41.747,Chg-d,TEST_STU_ACC_OOD,Curriculum and Instructional Support,Accountability and Assessment,Assessment,Assessment,TESTSTUACCOOD,Core,No Dependancies Found,DSM,MQ 2-1-21,0,0,0,1,1
GSDR,dbo,2015-03-29 11:06:47.610,Chg-d,AcademicContract,Curriculum and Instructional Support,Instructional Development and Support,Academic Contracts,Academic Contracts,Student,Core,"sp_AcademicContractDataLoad
",DSM,DSM 2-1-21,0,0,0,1,1
GSDR,dbo,2021-05-23 12:42:13.873,Chg-d,AcademicContractIntervention,Curriculum and Instructional Support,Instructional Development and Support,Academic Contracts,Academic Contracts,Student,Core,"sp_AcademicContractDataLoad
",DSM,DSM 2-1-21,0,0,0,1,1
GSDR,dbo,2019-07-14 14:31:08.100,Chg-d,Cohorts,School Improvement and Operations,School Operations and Support,CohortApplication,CohortApplication,EducationOrganization,Core,"uspCohortGradRateSummary
uspCohortGradRateDetails
",DSM,DSM 2-1-21,0,0,0,1,1
GSDR,dbo,2018-07-25 14:13:01.850,Chg-d,DOE_EL_HISTORY,Curriculum and Instructional Support,Data Reporting,State Reporting,State Reporting,EnglishLearners,Core,"SP_DaScript
",DSM,BR 2-1-21,0,0,0,1,1
GSDR,dbo,2021-06-16 01:00:01.160,Chg-d,ELPP_schedules_tb,Curriculum and Instructional Support,English Language Learners,English Language Learners,English Language Learners,Schedules,Core,"ELPP_Schedules
",DSM,BR 2-1-21,0,0,0,1,1
GSDR,dbo,2021-06-16 01:05:01.517,Chg-d,ELPP_test_scores_tb,Curriculum and Instructional Support,English Language Learners,English Language Learners,English Language Learners,Assessment,Core,No Dependancies Found,DSM,BR 2-1-21,0,0,0,1,1
GSDR,dbo,2015-02-25 22:11:13.713,Chg-d,eTextBook_SchContact,Curriculum and Instructional Support,Instructional Development and Support_ Instructional Resources,Digital Content,Digital Content,Programs,Core,"spEtl_SchContactLoad_MoveStageToFinal
",DSM,DSM 2-1-21,0,0,0,1,1
GSDR,dbo,2019-07-14 14:31:19.183,Chg-d,PreK_Entrance,Curriculum and Instructional Support,Early Learning and School Readiness,Reporting,Reporting,PreK,Core,No Dependancies Found,DSM,LH 2-1-21,0,0,0,1,1
GSDR,dbo,2019-07-14 14:31:19.233,Static,PreK_Exit,Curriculum and Instructional Support,Early Learning and School Readiness,Reporting,Reporting,PreK,Core,"sp_load_PreK_Not_Met
",DSM,LH 2-1-21,0,0,0,1,1
GSDR,dbo,2016-03-01 11:12:51.513,Chg-d,RIDER_BY_ROUTE,Facilities and Operations,Transportation,Transportation,Transportation,Student,Core,"spRpt_SpEd_TransListReport
",DSM,DSM 2-1-21,0,0,0,1,1
GSDR,GEMS,2019-07-14 14:33:32.370,Chg-d,ACADEMIC_CONTRACTS,Curriculum and Instructional Support,Instructional Development and Support,Academic Contracts,Academic Contracts,Programs,Core,"SP_Load_Academic_Contracts
SP_Load_Everything_Else3
",DSM,DSM 2-1-21,0,0,0,1,1
GSDR,GEMS,2019-07-14 14:33:49.623,Chg-d,ADDRESS_HIST,School Improvement and Operations,School Operations and Support,Address,Address,Address,Core,"SP_Load_Everything_Else3
",DSM,DSM 2-1-21,0,0,0,1,1
GSDR,GEMS,2014-11-19 10:44:45.760,Chg-d,CSN_ACTIVITY,School Improvement and Operations,Student Services_ Health and Social Services,School Nurse,School Nurse,SchoolNurse,Core,"spApp_CSN_insertActivity
spRpt_CSN_districtCategoryTotals
SP_Load_Everything_Else
",DSM,DSM 2-1-21,0,0,0,1,1
GSDR,GEMS,2019-07-14 14:34:18.283,Static,CSN_CONTACT_REASONS,School Improvement and Operations,Student Services_ Health and Social Services,School Nurse,School Nurse,SchoolNurse,Core,"SP_Load_Everything_Else
spRpt_CSN_districtCategoryTotals
",DSM,DSM 2-1-21,0,0,0,1,1
GSDR,GEMS,2019-07-14 14:34:18.513,Chg-d,CSN_MEETINGS,School Improvement and Operations,Student Services_ Health and Social Services,School Nurse,School Nurse,SchoolNurse,Core,"SP_Load_Everything_Else
spRpt_CSN_districtCategoryTotals
",DSM,DSM 2-1-21,0,0,0,1,1
GSDR,GEMS,2019-07-14 14:34:18.577,Chg-d,CSN_REFERRALS,School Improvement and Operations,Student Services_ Health and Social Services,School Nurse,School Nurse,SchoolNurse,Core,"SP_Load_Everything_Else
spRpt_CSN_districtCategoryTotals
",DSM,DSM 2-1-21,0,0,0,1,1
GSDR,GEMS,2014-11-19 10:31:36.230,Chg-d,CSN_STUDENT_EDUCATIONS,School Improvement and Operations,Student Services_ Health and Social Services,School Nurse,School Nurse,SchoolNurse,Core,No Dependancies Found,DSM,DSM 2-1-21,0,0,0,1,1
GSDR,GEMS,2012-12-19 11:09:13.337,Chg-d,DOE_CLAIMED_SWD,Human Resource and Talent Management,Data Reporting,State Reporting,State Reporting,Reporting,Core,"SP_DOE_SPED_NOPRIMARYAREA
",DSM,BR 2-1-21,0,0,0,1,1
GSDR,GEMS,2015-01-09 12:54:12.917,Chg-d,DOE_SPED_NOPRIMARYAREA,Human Resource and Talent Management,Data Reporting,State Reporting,State Reporting,Reporting,Core,"SP_DOE_SPED_NOPRIMARYAREA_LOC
SP_DOE_SPED_NOPRIMARYAREA
",DSM,BR 2-1-21,0,0,0,1,1
GSDR,GEMS,2019-07-14 14:34:18.973,Chg-d,DSCP_PANEL,School Improvement and Operations,Academic Support_ Student Discipline,Discipline,Discipline,Discipline,Core,"uspGiveRecidivism
SP_Load_Everything_Else2
",DSM,JR 2-1-21,0,0,0,1,1
GSDR,GEMS,2019-07-14 14:34:19.143,Chg-d,DSCP_PANEL_RULES,School Improvement and Operations,Academic Support_ Student Discipline,Discipline,Discipline,Discipline,Core,"SP_Load_Everything_Else2
",DSM,JR 2-1-21,0,0,0,1,1
GSDR,GEMS,2019-07-14 14:34:19.183,Static,DSCP_PANEL_SPED,School Improvement and Operations,Academic Support_ Student Discipline,Discipline,Discipline,Discipline,Core,"SP_Load_Everything_Else2
",DSM,JR 2-1-21,0,0,0,1,1
GSDR,GEMS,2019-07-14 14:34:40.293,Chg-d,FTE_ZONED_SCH,Human Resource and Talent Management,Data Reporting,State Reporting,State Reporting,FTE,Core,"uspFteUpdates20203
SP_Load_Everything_Else
uspStudentClassQueryChanges201810
uspStudentClassQueryChanges20190602
uspStudentClassQueryChanges
uspStudentClassQueryChanges20191021
uspStudentClassQueryChanges20200327
uspStudentClassQueryChanges2018
",DSM,BR 2-1-21,0,0,0,1,1
GSDR,GEMS,2019-07-14 14:34:41.627,Chg-d,FTEGIFTED_STUDENT,Human Resource and Talent Management,Data Reporting,State Reporting,State Reporting,FTE,Core,"SP_Load_Everything_Else4
",DSM,BR 2-1-21,0,0,0,1,1
GSDR,GEMS,2016-02-02 13:08:49.993,Static,ISC_CONTRACTORS,Human Resource and Talent Management,Human Resources-Staffing,AD Data,AD Data,EmailAddresses,Core,No Dependancies Found,DSM,DSM 2-1-21,0,0,0,1,1
GSDR,GEMS,2019-07-14 14:35:12.203,Chg-d,SASI_A504,Curriculum and Instructional Support,Special Education and Psychological Services ,Student Profile,Student Profile,504Accommodations,Core,No Dependancies Found,DSM-JR,LH 2-1-21,0,0,0,1,1
GSDR,GEMS,2021-06-13 12:13:19.480,Chg-d,SASI_AATD,School Improvement and Operations,School Operations and Support,Attendance,Attendance,DailyAttendance,Core,"uspBuildFte20131004
uspBuildFte20160731
uspBuildFte20120325
uspBuildFteNew
FLP_Student_Attendance_List
uspBuildFte20180929
sp_rpt_ActiveEnrollmentReport_AllSchools
sp_rpt_PopulateActiveEnrollmentReport_AllSchools
sp_rpt_ActiveEnrollmentReport_Test
sp_rpt_PopulateActiveEnrollmentReportCache_backup
uspBuildFte
uspBuildFte20131016
uspBuildFte20151013
sp_rpt_PopulateActiveEnrollmentReportCache
uspBuildFte20121024
uspBuildFte20180731
uspBuildFte20190722
",DSM-JR,JR 2-1-21,0,0,0,1,1
GSDR,GEMS,2020-08-16 12:24:33.290,Chg-d,SASI_AATP,School Improvement and Operations,School Operations and Support,Attendance,Attendance,PeriodAttendance,Core,"uspBuildFte20131004
uspBuildFte20160731
uspBuildFte20120325
uspBuildFteNew
sp_rpt_ActiveEnrollmentReport_AllSchools
sp_rpt_PopulateActiveEnrollmentReport_AllSchools
sp_rpt_ActiveEnrollmentReport_Test
sp_rpt_PopulateActiveEnrollmentReportCache_backup
uspBuildFte20131016
uspBuildFte20151013
uspBuildFte20121024
",DSM-JR,JR 2-1-21,0,0,0,1,1
GSDR,GEMS,2021-06-13 12:13:19.773,Chg-d,SASI_AATT,School Improvement and Operations,School Operations and Support,Attendance,Attendance,AttendanceAttachments,Core,No Dependancies Found,DSM-JR,JR 2-1-21,0,0,0,1,1
GSDR,GEMS,2021-06-13 12:13:26.483,Chg-d,SASI_ACHS,School Improvement and Operations,School Operations and Support,Course-Class-Section,Course-Class-Section,CourseHistory-HS,Core,"uspBuildGA411_20181109
SP_GrdRpt_Course_Grade_Summary
uspBuildTranscript20180109
SP_GrdRpt_Course_9th_Grade_Summary
uspBuildTranscript20180109N
SP_GrdRpt_Alphabetic_Grade_Summary
uspBuildGA411
SP_GrdRpt_Alphabetic_Failure_Summary
uspBuildTranscript
SP_Athletic_Eligibility
uspBuildTranscript20130528
uspBuildTranscript20190525
uspBuildTranscript20130106
SP_GrdRpt_System_Algebra_Course_Grade_Summary
uspBuildTranscriptOld
uspBuildTranscript20160601
uspFayEOCT2
uspBuildTranscript20190112
uspFayEOCT
uspBuildGA411_20130108
SP_Athletic_EligibilitySummer
uspFayEOCT2_ZONED
uspBuildGA411Special
uspBuildTranscript20111225
uspBuildTranscriptNew
uspFayEOCT_ZONED
spRpt_JuniorReport
uspBuildTranscript20151231
SP_GrdRpt_EOCT_NT
uspBuildTranscript20200109
uspBuildTranscript20170109
uspBuildGA411SPCL
uspBuildGA411_20180626
uspBuildTranscriptReportData
uspBuildTranscript20160112
uspBuildTranscript20180626
SP_GrdRpt_Teacher_Grade_Summary
SP_GrdRpt_System_Course_Grade_Summary
uspBuildTranscript20180529
SP_GrdRpt_Honor_Roll_90
SP_GrdRpt_Honor_Roll_80
",DSM-JR,JR 2-1-21,0,0,0,1,1
GSDR,GEMS,2021-06-13 12:13:35.977,Chg-d,SASI_ACHS_ES,School Improvement and Operations,School Operations and Support,Course-Class-Section,Course-Class-Section,CourseHistory-ES,Core,"SP_SummerStudentList2017
SP_SummerStudentList2018
SP_Rising_6thGrd_Report
SP_SummerStudentList2019
",DSM-JR,JR 2-1-21,0,0,0,1,1
GSDR,GEMS,2021-06-13 12:13:37.910,Chg-d,SASI_ACHS_MS,School Improvement and Operations,School Operations and Support,Course-Class-Section,Course-Class-Section,CourseHistory-MS,Core,"SP_Rising_7thGrd_Report
SP_Rising_8thGrd_Report
",DSM-JR,JR 2-1-21,0,0,0,1,1
GSDR,GEMS,2021-06-13 12:13:38.523,Chg-d,SASI_ACLH,School Improvement and Operations,School Operations and Support,Course-Class-Section,Course-Class-Section,ClassHistory,Core,"SP_D2LUserStudents
uspGetStudentSchedules
uspGetFteSchedule
uspBuildFte20131004
uspBuildFte20160731
uspBuildFte20120325
uspLoadFteCourses
sp_Rpt_SpecialEdAlignmentReport_StudentSchedule
uspBuildFte20180929
uspBuildFte
uspBuildFte20131016
uspBuildFte20151013
uspBuildFte20121024
uspBuildFte20180731
uspGetFteSchedules
uspBuildFte20190722
",DSM-JR,JR 2-1-21,0,0,0,1,1
GSDR,GEMS,2021-05-23 12:43:06.467,Chg-d,SASI_ACLS,School Improvement and Operations,School Operations and Support,Course-Class-Section,Course-Class-Section,Classes,Core,"uspBuildTeacherAndStudentSchedule
uspFteSchedules
uspBuildFte20131004
SP_D2LUserStudents
spExtractStudentSchedules
uspBuildFte20160731
uspGetStudentSchedules
uspGetFteSchedule
uspBuildFte20120325
SP_DaScript
uspLoadFteCourses
sp_Rpt_SpecialEdAlignmentReport_StudentSchedule
uspBuildFte20180929
spRpt_JuniorReport
spExtractPlascoEmployee
SP_Sped_File_Push
uspBuildFte
spm_Gradebook_Grade
spm_Gradebook_Score
uspBuildFte20131016
uspBuildFte20151013
uspBuildFte20121024
sp_Populate_SLDS_Teachers
uspBuildFte20180731
uspGetFteSchedules
uspBuildFte20190722
",DSM-JR,JR 2-1-21,0,0,0,1,1
GSDR,GEMS,2019-07-14 14:37:14.213,Chg-d,SASI_ACRS,School Improvement and Operations,School Operations and Support,Course-Class-Section,Course File,CourseFile,Core,"uspBuildGA411_20181109
SP_GrdRpt_Course_Grade_Summary
uspBuildTranscript20180109
SP_GrdRpt_Course_9th_Grade_Summary
uspBuildTranscript20180109N
uspBuildGA411
uspBuildTranscript
uspBuildTranscript20130528
uspBuildTranscript20190525
SP_D2LUserStudents
uspBuildTranscript20130106
SP_GrdRpt_System_Algebra_Course_Grade_Summary
uspBuildTranscriptOld
uspBuildTranscript20160601
uspBuildTranscript20190112
uspBuildFte20120325
uspBuildGA411_20130108
SP_DaScript
uspFayEOCT2_ZONED
uspLoadFteCourses
uspBuildGA411Special
uspBuildTranscript20111225
uspBuildTranscriptNew
uspBuildFte20180929
uspFayEOCT_ZONED
uspBuildTranscript20151231
SP_GrdRpt_EOCT_NT
uspBuildTranscript20200109
uspBuildFte
SP_Rising_6thGrd_Report
uspBuildTranscript20170109
uspBuildGA411SPCL
uspBuildGA411_20180626
uspBuildTranscriptReportData
uspBuildTranscript20160112
SP_Rising_7thGrd_Report
uspBuildTranscript20180626
SP_Rising_8thGrd_Report
uspBuildFte20180731
uspFteUpdates20191
SP_GrdRpt_System_Course_Grade_Summary
uspBuildFte20190722
uspBuildTranscript20180529
",DSM-JR,JR 2-1-21,0,0,0,1,1
GSDR,GEMS,2019-07-14 14:37:15.127,Chg-d,SASI_ACRS_RAW,School Improvement and Operations,School Operations and Support,Course-Class-Section,Course File - Raw,CourseFile-Raw,Core,uspLoadCourseRaw,DSM-JR,JR 2-1-21,0,0,0,1,1
GSDR,GEMS,2020-07-31 14:12:59.997,Chg-d,SASI_ADDITIONAL_TEACHER,School Improvement and Operations,School Operations and Support,Teacher,Teacher,AdditionalTeacher-Mayes,Core,No Dependancies Found,DSM-JR,DSM 2-1-21,0,0,0,1,1
GSDR,GEMS,2021-06-13 12:13:39.237,Chg-d,SASI_ADIS,School Improvement and Operations,Academic Support_ Student Discipline,Discipline,Discipline,Discipline,Core,"uspGiveRecidivism
uspBuildFte20131004
uspBuildFte20160731
uspBuildFte20120325
uspBuildFte20180929
SP_Sped_File_Push
uspBuildFte
uspBuildSpedCard
uspBuildFte20131016
uspBuildFte20151013
uspBuildFte20121024
uspFightingAndDisruption
uspBuildFte20180731
uspBuildFte20190722
spRpt_ArrestMismatchedDates
",DSM-JR,JR 2-1-21,0,0,0,1,1
GSDR,GEMS,2021-06-13 12:13:42.990,Chg-d,SASI_ADPO,School Improvement and Operations,Academic Support_ Student Discipline,Discipline,Discipline,DisciplineDispositions,Core,"uspGiveRecidivism
SP_CalcNextSchool
uspBuildFte20131004
uspBuildFte20160731
uspBuildFte20120325
uspBuildFteNew
uspBuildFte20180929
SP_Sped_File_Push
uspBuildFte
uspBuildSpedCard
uspBuildFte20131016
uspBuildFte20151013
uspBuildFte20121024
uspBuildFte20180731
uspBuildFte20190722
",DSM-JR,JR 2-1-21,0,0,0,1,1
GSDR,GEMS,2021-05-16 12:36:37.360,Chg-d,SASI_ADST,School Improvement and Operations,School Operations and Support,School,School,Districtfile,Core,"SP_DaScript
",DSM-JR,JR 2-1-21,0,0,0,1,1
GSDR,GEMS,2019-07-14 14:37:29.273,Chg-d,SASI_AELT,Curriculum and Instructional Support,English Language Learners,EnglishSpeakers Other Languages,English Speakers Other Languages,ESOL,Core,"ELPP_Test_Scores
SP_DaScript
uspBuildFte
uspBuildFte20190722
",DSM-JR,BR 2-1-21,0,0,0,1,1
GSDR,GEMS,2021-06-13 12:13:43.507,Chg-d,SASI_AEMG,School Improvement and Operations,School Operations and Support,Student Profile,Student Profile,EmergencyContacts,Core,"rsp_StudentDataValidation_Emergency_Report
spExtractStudentDemographics
",DSM-JR,JR 2-1-21,0,0,0,1,1
GSDR,GEMS,2021-06-13 12:13:45.510,Chg-d,SASI_AENR,School Improvement and Operations,School Operations and Support,Enrollment,Enrollment,Enrollment,Core,"uspMissingFTENumberSchools
uspBuildTranscript20180109
uspBuildTranscript20180109N
uspGiveRecidivism
uspBuildTranscript
spRptSub_WeeklyFteNumberReport
SP_Athletic_Eligibility
usp9thGradeRetentionPushData
uspBuildTranscript20130528
uspBuildFte20131004
uspBuildTranscript20190525
sp_load_PreK_Entrance
SP_D2LUserStudents
uspBuildTranscript20130106
sp_load_PreK_Exit
sp_load_PreK_Not_Met
uspGenerateLetters_20130226
spExtractStudentDemographics
uspBuildTranscriptOld
spExtractStudentSchedules
uspBuildTranscript20160601
SP_DOE_SPED_NOPRIMARYAREA
uspBuildFte20160731
uspFayEOCT2
uspBuildTranscript20190112
usp9thGradeRetention
uspBuildFte20120325
uspBuildFteNew
uspFayEOCT
uspFayResearchAndDevelopment2
SP_Athletic_EligibilitySummer
SP_DaScript
sp_Rpt_SpecialEdAlignmentReport_SchoolList
sp_Rpt_SpecialEdAlignmentReport_StudentsForCaseManager
sp_Rpt_SpecialEdAlignmentReport_CaseManagersAtSchool
uspBuildTranscript20111225
uspBuildTranscriptNew
uspBuildFte20180929
uspFayResearchAndDevelopment
uspBuildTranscript20151231
spExtractPlascoEmployee
uspGenerateLetters
uspBuildTranscript20200109
uspBuildFte
uspBuildSpedCard
uspBuildTranscript20170109
uspBuildFte20131016
uspBuildFte20151013
uspFteUpdates20161
uspBuildTranscript20160112
usp9thGradeRetentionOld
uspBuildFte20121024
uspBuildTranscript20180626
uspGenerateFteNumbers
usp9thGradeRetention2
uspBuildFte20180731
uspFteUpdates20191
uspCopySASIFteNumbers
uspBuildFte20190722
uspBuildTranscript20180529
",DSM-JR,JR 2-1-21,0,0,0,1,1
GSDR,GEMS,2019-07-14 14:37:44.060,Chg-d,SASI_AENR_C,School Improvement and Operations,School Operations and Support,Enrollment,Enrollment,Enrollment-Concurrent,Core,"spRptSub_SpecialEd_WeeklyAlignReportConcurrent_to_SchRpts
uspBuildTeacherAndStudentSchedule
sp_Rpt_SpecialEdAlignmentReport_SchoolList
sp_Rpt_SpecialEdAlignmentReport_StudentsForCaseManager
sp_Rpt_SpecialEdAlignmentReport_CaseManagersAtSchool
create_IEPAccommodations
",DSM-JR,JR 2-1-21,0,0,0,1,1
GSDR,GEMS,2020-05-15 10:59:46.167,Static,SASI_AENR_NON_ADA_ADM,School Improvement and Operations,School Operations and Support,Enrollment,Enrollment,Enrollment-NonADAStudents,Core,No Dependancies Found,DSM-JR,JR 2-1-21,0,0,0,1,1
GSDR,GEMS,2019-07-14 14:37:46.133,Chg-d,SASI_AFEE,School Improvement and Operations,School Operations and Support,Fees,Fees,Fees,Core,No Dependancies Found,DSM-JR,JR 2-1-21,0,0,0,1,1
GSDR,GEMS,2021-06-13 12:13:46.037,Chg-d,SASI_AHLT,School Improvement and Operations,Student Services_ Health and Social Services,Health,Health,Health,Core,No Dependancies Found,DSM-JR,JR 2-1-21,0,0,0,1,1
GSDR,GEMS,2019-07-14 14:37:58.483,Chg-d,SASI_ALRT,School Improvement and Operations,School Operations and Support,Student,Student,StudentAlert(Health),Core,No Dependancies Found,DSM,JR 2-1-21,0,0,0,1,1
GSDR,GEMS,2021-06-13 12:13:46.667,Chg-d,SASI_AMST,School Improvement and Operations,School Operations and Support,Course-Class-Section,Sections,Sections,Core,"uspGCPS_OUX_Relationships_SchtoDept
spm_D2L_GRADE_IMPORT
uspBuildTeacherAndStudentSchedule
uspBuildFte20131004
SP_D2LUserStudents
spm_D2L_Import_CLASS
spExtractStudentSchedules
spm_D2L_SCORE_Import
uspBuildFte20160731
uspGetStudentSchedules
uspGetFteSchedule
uspBuildFte20120325
uspFteSchedules
spm_D2L_TASK_Import
SP_DaScript
uspLoadFteCourses
sp_Rpt_SpecialEdAlignmentReport_StudentSchedule
uspBuildFte20180929
spRpt_JuniorReport
spExtractPlascoEmployee
SP_Sped_File_Push
uspHiQDiscrepancyEmployeeCourses
spm_Gradebook_Class
uspBuildFte
spm_Gradebook_Grade
spm_Gradebook_Score
spm_Gradebook_Task
uspBuildFte20131016
uspBuildFte20151013
spm_D2L_CLASS_Import
uspBuildFte20121024
sp_Populate_SLDS_Teachers
uspBuildFte20180731
uspGetFteSchedules
uspGCPS_OUX_OrgUnits_School_Departments
uspBuildFte20190722
",DSM-JR,JR 2-1-21,0,0,0,1,1
GSDR,GEMS,2021-06-13 12:13:46.853,Chg-d,SASI_APGM,School Improvement and Operations,School Operations and Support,Program,Program,StudentPrograms,Core,"uspBuildFte20131004
uspBuildFte20160731
uspBuildFte20120325
uspBuildFteNew
SP_DaScript
uspBuildFte20180929
uspBuildFte
uspBuildFte20131016
uspBuildFte20151013
uspBuildFte20121024
uspBuildFte20180731
uspBuildFte20190722
",DSM-JR,JR 2-1-21,0,0,0,1,1
GSDR,GEMS,2021-06-13 12:13:47.020,Chg-d,SASI_APRN,School Improvement and Operations,School Operations and Support,Parent-Guardian,Parent-Guardian,ParentGuardian,Core,"rsp_StudentDataValidation_Parent_Report
sp_rptPP_PotentialUsersEmail
SP_D2LUserStudents
spExtractStudentDemographics
SP_GrdRpt_EOCT_NT
SP_Rising_6thGrd_Report
SP_Rising_7thGrd_Report
SP_Rising_8thGrd_Report
",DSM-JR,JR 2-1-21,0,0,0,1,1
GSDR,GEMS,2021-05-02 12:36:55.933,Static,SASI_APRN_LAST,School Improvement and Operations,School Operations and Support,Parent-Guardian,Parent-Guardian,ParentGuardian-Last,Core,"SP_Load_Everything_Else2
",DSM-JR,JR 2-1-21,0,0,0,1,1
GSDR,GEMS,2021-06-13 12:13:47.193,Chg-d,SASI_ASGR,School Improvement and Operations,School Operations and Support,School,School,StudentGroups,Core,"uspBuildTranscript20180109
uspBuildTranscript20180109N
uspBuildTranscript
uspBuildTranscript20130528
uspBuildTranscript20190525
uspBuildTranscript20130106
uspBuildTranscriptOld
SP_SummerStudentList2017
uspBuildTranscript20160601
uspBuildTranscript20190112
SP_SummerStudentList2018
uspBuildTranscript20111225
uspBuildTranscriptNew
uspBuildTranscript20151231
uspBuildTranscript20200109
uspBuildTranscript20170109
uspBuildTranscript20160112
uspBuildTranscript20180626
SP_SummerStudentList2019
SP_Load_Everything_Else3
uspBuildTranscript20180529
",DSM-JR,JR 2-1-21,0,0,0,1,1
GSDR,GEMS,2019-07-14 14:38:04.273,Chg-d,SASI_ASTI,School Improvement and Operations,School Operations and Support,Student Profile,Student Profile,StudentAdditionalInformation,Core,No Dependancies Found,DSM-JR,JR 2-1-21,0,0,0,1,1
GSDR,GEMS,2021-06-13 12:13:49.627,Chg-d,SASI_ASTU,School Improvement and Operations,School Operations and Support,Student Profile,Student Profile,Student,Core,"uspGCPS_Users_Students
spUTL_StuSvc_addInactiveStudentToProfiles
uspGetZonedSchool
v_OLR_STUDENTS (View)
uspBuildGA411_20181109
uspBuildTranscript20180109
uspBuildTranscript20180109N
SP_GrdRpt_Alphabetic_Grade_Summary
uspGiveRecidivism
uspBuildGA411
SP_GrdRpt_Alphabetic_Failure_Summary
uspBuildTranscript
spRptSub_WeeklyFteNumberReport
SP_Athletic_Eligibility
uspGCPS_Memberships
spApp_Elig_getFormBRecords
SP_Load_ADIA
spRptSub_SpecialEd_WeeklyAlignReportConcurrent_to_SchRpts
uspBuildTeacherAndStudentSchedule
uspBuildTranscript20130528
SP_DOE_FTE
SP_DOE_SDR
sp_rptPP_PotentialUsersEmail
SP_CalcNextSchool
uspBuildFte20131004
uspBuildTranscript20190525
sp_load_PreK_Entrance
SP_D2LUserStudents
uspBuildTranscript20130106
sp_load_PreK_Exit
sp_load_PreK_Not_Met
uspGenerateLetters_20130226
spExtractStudentDemographics
uspBuildTranscriptOld
spExtractStudentSchedules
SP_SummerStudentList2017
ELPP_Schedules
uspBuildTranscript20160601
uspStudentByGTID
SP_Load_Register_Summary
uspStudentByPermnum
uspBuildFte20160731
spRpt_SSW_GetOpenCases
uspGetStudentSchedules
uspFteUpdates20171
SP_Load_Academic_Contracts
uspGetFteSchedule
uspBuildTranscript20190112
spRptSub_Attendance_MonthlyHouseholdReport
uspBuildFte20120325
uspFteSchedules
uspBuildFteNew
SP_SummerStudentList2018
FLP_Student_Attendance_List
uspBuildGA411_20130108
uspStudentClassQueryChanges201810
SP_DaScript
sp_Rpt_SpecialEdAlignmentReport_SchoolList
uspBuildGA411Special
sp_Rpt_SpecialEdAlignmentReport_StudentsForCaseManager
sp_Rpt_SpecialEdAlignmentReport_CaseManagersAtSchool
uspBuildTranscript20111225
uspBuildTranscriptNew
uspBuildFte20180929
sp_rpt_ActiveEnrollmentReport_AllSchools
sp_rpt_PopulateActiveEnrollmentReport_AllSchools
sp_rpt_ActiveEnrollmentReport_Test
spRpt_JuniorReport
uspBuildTranscript20151231
spExtractPlascoEmployee
SP_GrdRpt_EOCT_NT
SP_Sped_File_Push
uspGenerateA999FteNumber
uspGenerateLetters
sp_rpt_PopulateActiveEnrollmentReportCache_backup
FLP_Student_Attendance_List_PostArchival
create_IEPAccommodations
uspBuildTranscript20200109
uspBuildFte
uspBuildSpedCard
SP_Rising_6thGrd_Report
uspStudentClassQueryChanges20190602
uspFteUpdates20203
uspStudentClassQueryChanges
SP_DOE_CRS
uspBuildTranscript20170109
uspBuildGA411SPCL
SP_Update_MYSTUDENT_DATA_RETRIEVAL_STATUS
uspBuildFte20131016
uspStudentClassQueryChanges20200327
sp_rpt_GCPS_GCIS
uspBuildFte20151013
uspGenerateFteNumbers20151007
sp_rpt_PopulateActiveEnrollmentReportCache
uspMissingFTENumberSchools
uspBuildGA411_20180626
uspBuildTranscriptReportData
uspBuildTranscript20160112
spRpt_SpEd_TransListReport
sp_rpt_IEP_Audiology
uspBuildFte20121024
SP_Rising_7thGrd_Report
ELPP_Test_Scores
uspBuildTranscript20180626
SP_SummerStudentList2019
uspStudentClassQueryChanges2018
SP_Rising_8thGrd_Report
uspFightingAndDisruption
uspGenerateFteNumbers
uspBuildFte20180731
uspCopySASIFteNumbers
spRpt_ArrestMismatchedIds
rsp_StudentDataValidation_Parent_Report
spRpt_ArrestMismatchedIdsMatchingNames
uspBuildFte20190722
rsp_StudentDataValidation_Enrollment_Report
uspBuildTranscript20180529
rsp_StudentDataValidation_Emergency_Report
SP_GrdRpt_Honor_Roll_90
SP_GrdRpt_Honor_Roll_80
",DSM-JR,JR 2-1-21,0,0,0,1,1
GSDR,GEMS,2020-12-18 09:07:57.113,Chg-d,SASI_ASTU_EMAIL,School Improvement and Operations,School Operations and Support,Student Profile,Student Profile,Student-StudentEmail,Core,"sp_rpt_GCPS_GCIS
",DSM-JR,JR 2-1-21,0,0,0,1,1
GSDR,GEMS,2020-05-15 11:03:16.433,Static,SASI_ASTU_NON_ADA_ADM,School Improvement and Operations,School Operations and Support,Student Profile,Student Profile,Student-NoADAStudents,Core,No Dependancies Found,DSM-JR,JR 2-1-21,0,0,0,1,1
GSDR,GEMS,2019-07-14 14:38:12.657,Chg-d,SASI_ATCH,School Improvement and Operations,School Operations and Support,Teacher,Teacher,Teacher,Core,"uspBuildGA411_20181109
uspBuildTranscript20180109
uspBuildTranscript20180109N
uspBuildGA411
uspBuildTranscript
uspBuildTeacherAndStudentSchedule
uspBuildTranscript20130528
sp_rptPP_PotentialUsersEmail
uspGCPS_Users_Teachers
uspBuildTranscript20190525
uspBuildTranscript20130106
spm_D2L_Import_CLASS
uspGCPS_Users_Staff
spExtractStudentDemographics
uspBuildTranscriptOld
spExtractStudentSchedules
uspBuildTranscript20160601
uspGetStudentSchedules
SP_Load_Academic_Contracts
uspBuildTranscript20190112
uspBuildGA411_20130108
SP_DaScript
uspBuildGA411Special
sp_Rpt_SpecialEdAlignmentReport_StudentSchedule
uspBuildTranscriptNew
uspBuildTranscript20151231
spExtractPlascoEmployee
SP_Sped_File_Push
create_IEPAccommodations
uspBuildTranscript20200109
uspBuildTranscript20170109
uspBuildGA411SPCL
spm_D2L_CLASS_Import
uspBuildGA411_20180626
uspBuildTranscriptReportData
uspBuildTranscript20160112
uspBuildTranscript20180626
sp_Populate_SLDS_Teachers
rsp_StudentDataValidation_Enrollment_Report
uspBuildTranscript20180529
",DSM-JR,JR 2-1-21,0,0,0,1,1
GSDR,GEMS,2019-07-14 14:38:15.810,Chg-d,SASI_ELL_PARENT_CONF,Curriculum and Instructional Support,English Language Learners,English Language Learners,English Language Learners,ELLParentConference,Core,No Dependancies Found,DSM-JR,BR 2-1-21,0,0,0,1,1
GSDR,GEMS,2019-07-14 14:38:15.887,Chg-d,SASI_ELL_WAIVER,Curriculum and Instructional Support,English Language Learners,English Language Learners,English Language Learners,ELLWavier,Core,"SP_DaScript
uspBuildFte
",DSM-JR,BR 2-1-21,0,0,0,1,1
GSDR,GEMS,2020-03-16 15:28:20.363,Chg-d,SASI_PARAPRO,School Improvement and Operations,School Operations and Support,Teacher,Teacher,ParaProInformation,Core,No Dependancies Found,DSM-JR,JR 2-1-21,0,0,0,1,1
GSDR,GEMS,2019-07-14 14:38:15.957,Chg-d,SASI_SMST,School Improvement and Operations,School Operations and Support,Course-Class-Section,Sections,MasterScheduleSupplemental,Core,"uspBuildTeacherAndStudentSchedule
sp_Populate_SLDS_Teachers
",DSM-JR,JR 2-1-21,0,0,0,1,1
GSDR,GEMS,2021-06-13 12:13:49.810,Chg-d,SASI_UABN,School Improvement and Operations,School Operations and Support,Attendance,Attendance,AbsenceNotifications,Core,"SP_Load_Everything_Else3
",DSM-JR,JR 2-1-21,0,0,0,1,1
GSDR,GEMS,2019-07-14 14:38:16.467,Chg-d,SASI_UATR,Facilities and Operations,Transportation,Transportation,Transportation,AlternateTransportation,Core,No Dependancies Found,DSM-JR,DSM 2-1-21,0,0,0,1,1
GSDR,GEMS,2019-08-19 15:52:13.580,Chg-d,SASI_UGFT,Curriculum and Instructional Support,Curriculum and Instruction_ Accelerated Programs and Gifted,Student Profile,Student Profile,Gifted,Core,"uspBuildFte20131004
uspBuildFte20160731
SP_DaScript
uspBuildFte20180929
uspBuildFte
uspBuildFte20131016
uspBuildFte20151013
uspBuildFte20121024
uspBuildFte20180731
uspBuildFte20190722
",DSM-JR,JR 2-1-21,0,0,0,1,1
GSDR,GEMS,2019-07-14 14:38:17.627,Chg-d,SASI_UPSR,School Improvement and Operations,School Operations and Support,Attendance,Attendance,Discipline(UserDefined),Core,No Dependancies Found,DSM,JR 2-1-21,0,0,0,1,1
GSDR,GEMS,2016-09-07 11:48:31.393,Chg-d,SLDS_Teachers,School Improvement and Operations,School Operations and Support,Longitudinal DataSystem,Longitudinal Data System,Teacher,Core,"sp_Populate_SLDS_Teachers
",DSM,MS 2-1-21,0,0,0,1,1
GSDR,GEMS,2019-07-14 14:39:16.067,Chg-d,SPED_TCH_SCHED,Human Resource and Talent Management,Data Reporting,Allocations,Allocations,Allocations,Core,"SP_DaScript
",DSM,CM 2-1-2021,0,0,0,1,1
