DatabaseName,SchemaName,LastUpdated,DerivedStaticChging,TableName,DistrictOrganizationalBusinessArea,OrganizationalBusinessArea,FunctionalApplication,TechnicalArea,TechnicalPurpose,Core
ApplicationData,dbo,00:00.0,chg-d,ROSTER_GSC,Curriculum and Instructional Support,Accountability and Assessment,Roster,Roster,StudentRosterDemographics,Core
ApplicationData,dbo,00:00.0,chg-d,ROSTER_GSS,Curriculum and Instructional Support,Accountability and Assessment,Roster,Roster,StudentRosterDemographics,Core
Assessment,dbo,00:00.0,chg-p,ASSESS_SAT,Curriculum and Instructional Support,Accountability and Assessment,Assessment,Assessment,Reporting,Core
Assessment,dbo,00:00.0,chg-d,GATEWAY_STU_HGH,Curriculum and Instructional Support,Accountability and Assessment,Assessment,Assessment,Assessment,Core
Assessment,dbo,00:00.0,chg-d,GRADUATION_SUMMARY,Curriculum and Instructional Support,Accountability and Assessment,Assessment,Assessment,Assessment,Core
Assessment,dbo,00:00.0,chg-d,GWY_RETEST_ROSTER,Curriculum and Instructional Support,Accountability and Assessment,Assessment,Assessment,Assessment,Core
Assessment,dbo,00:00.0,chg-p,GWY_Writing_In_USHistory_ISR,Curriculum and Instructional Support,Accountability and Assessment,Assessment,Assessment,GWYWritingInUSHistoryISR,Core
Assessment,dbo,00:00.0,chg-d,ROSTER_CRCT,Curriculum and Instructional Support,Accountability and Assessment,Assessment,Assessment,Assessment,Core
Assessment,dbo,00:00.0,chg-p,ROSTER_GRAD,Curriculum and Instructional Support,Accountability and Assessment,Assessment,Assessment,Assessment,Core
Assessment,dbo,00:00.0,chg-d,ROSTER_GRAD_FOR_SUMMARY,Curriculum and Instructional Support,Accountability and Assessment,Assessment,Assessment,Assessment,Core
Assessment,dbo,00:00.0,chg-d,ROSTER_GSC,Curriculum and Instructional Support,Accountability and Assessment,Assessment,Assessment,Assessment,Core
Assessment,dbo,00:00.0,chg-d,ROSTER_GSS,Curriculum and Instructional Support,Accountability and Assessment,Assessment,Assessment,Assessment,Core
Assessment,dbo,00:00.0,chg-d,ROSTER_GWY,Curriculum and Instructional Support,Accountability and Assessment,Assessment,Assessment,Assessment,Core
Assessment,dbo,00:00.0,chg-p,SUBTEST_FACT,Curriculum and Instructional Support,Accountability and Assessment,Assessment,Assessment,Assessment,Core
Assessment,dbo,00:00.0,chg-d,Survey_Respondent_Report,Curriculum and Instructional Support,Accountability and Assessment,Assessment,Assessment,Assessment,Core
Assessment,dbo,00:00.0,chg-p,Survey_Respondent_Status,Curriculum and Instructional Support,Accountability and Assessment,Assessment,Assessment,Assessment,Core
Assessment,dbo,00:00.0,chg-d,TEST_STU_ACC_OOD,Curriculum and Instructional Support,Accountability and Assessment,Assessment,Assessment,TESTSTUACCOOD,Core
GSDR,dbo,00:00.0,chg-d,AcademicContract,Curriculum and Instructional Support,Instructional Development and Support,Academic Contracts,Academic Contracts,Student,Core
GSDR,dbo,00:00.0,chg-d,AcademicContractIntervention,Curriculum and Instructional Support,Instructional Development and Support,Academic Contracts,Academic Contracts,Student,Core
GSDR,dbo,00:00.0,chg-d,Cohorts,School Improvement and Operations,School Operations and Support,CohortApplication,CohortApplication,EducationOrganization,Core
GSDR,dbo,00:00.0,chg-d,DOE_EL_HISTORY,Curriculum and Instructional Support,Data Reporting,State Reporting,State Reporting,EnglishLearners,Core
GSDR,dbo,00:00.0,chg-d,ELPP_schedules_tb,Curriculum and Instructional Support,English Language Learners,English Language Learners,English Language Learners,Schedules,Core
GSDR,dbo,00:00.0,chg-d,ELPP_test_scores_tb,Curriculum and Instructional Support,English Language Learners,English Language Learners,English Language Learners,Assessment,Core
GSDR,dbo,00:00.0,chg-d,eTextBook_SchContact,Curriculum and Instructional Support,Instructional Development and Support_ Instructional Resources,Digital Content,Digital Content,Programs,Core
GSDR,dbo,00:00.0,chg-p,PreK_Entrance,Curriculum and Instructional Support,Early Learning and School Readiness,Reporting,Reporting,PreK,Core
GSDR,dbo,00:00.0,chg-p,PreK_Exit,Curriculum and Instructional Support,Early Learning and School Readiness,Reporting,Reporting,PreK,Core
GSDR,dbo,00:00.0,chg-d,RIDER_BY_ROUTE,Facilities and Operations,Transportation,Transportation,Transportation,Student,Core
GSDR,GEMS,00:00.0,chg-d,ACADEMIC_CONTRACTS,Curriculum and Instructional Support,Instructional Development and Support,Academic Contracts,Academic Contracts,Programs,Core
GSDR,GEMS,00:00.0,chg-d,ADDRESS_HIST,School Improvement and Operations,School Operations and Support,Address,Address,Address,Core
GSDR,GEMS,00:00.0,chg-d,CSN_ACTIVITY,School Improvement and Operations,Student Services_ Health and Social Services,School Nurse,School Nurse,SchoolNurse,Core
GSDR,GEMS,00:00.0,chg-p,CSN_CONTACT_REASONS,School Improvement and Operations,Student Services_ Health and Social Services,School Nurse,School Nurse,SchoolNurse,Core
GSDR,GEMS,00:00.0,chg-d,CSN_MEETINGS,School Improvement and Operations,Student Services_ Health and Social Services,School Nurse,School Nurse,SchoolNurse,Core
GSDR,GEMS,00:00.0,chg-d,CSN_REFERRALS,School Improvement and Operations,Student Services_ Health and Social Services,School Nurse,School Nurse,SchoolNurse,Core
GSDR,GEMS,00:00.0,chg-d,CSN_STUDENT_EDUCATIONS,School Improvement and Operations,Student Services_ Health and Social Services,School Nurse,School Nurse,SchoolNurse,Core
GSDR,GEMS,00:00.0,chg-p,DOE_CLAIMED_SWD,Human Resource and Talent Management,Data Reporting,State Reporting,State Reporting,Reporting,Core
GSDR,GEMS,00:00.0,chg-p,DOE_SPED_NOPRIMARYAREA,Human Resource and Talent Management,Data Reporting,State Reporting,State Reporting,Reporting,Core
GSDR,GEMS,00:00.0,chg-d,DSCP_PANEL,School Improvement and Operations,Academic Support_ Student Discipline,Discipline,Discipline,Discipline,Core
GSDR,GEMS,00:00.0,chg-d,DSCP_PANEL_RULES,School Improvement and Operations,Academic Support_ Student Discipline,Discipline,Discipline,Discipline,Core
GSDR,GEMS,00:00.0,chg-d,DSCP_PANEL_SPED,School Improvement and Operations,Academic Support_ Student Discipline,Discipline,Discipline,Discipline,Core
GSDR,GEMS,00:00.0,chg-d,FTE_ZONED_SCH,Human Resource and Talent Management,Data Reporting,State Reporting,State Reporting,FTE,Core
GSDR,GEMS,00:00.0,chg-d,FTEGIFTED_STUDENT,Human Resource and Talent Management,Data Reporting,State Reporting,State Reporting,FTE,Core
GSDR,GEMS,00:00.0,chg-p,ISC_CONTRACTORS,Human Resource and Talent Management,Human Resources-Staffing,AD Data,AD Data,EmailAddresses,Core
GSDR,GEMS,00:00.0,chg-d,SASI_A504,Curriculum and Instructional Support,Special Education and Psychological Services ,Student Profile,Student Profile,504Accommodations,Core
GSDR,GEMS,00:00.0,chg-d,SASI_AATD,School Improvement and Operations,School Operations and Support,Attendance,Attendance,DailyAttendance,Core
GSDR,GEMS,00:00.0,chg-d,SASI_AATP,School Improvement and Operations,School Operations and Support,Attendance,Attendance,PeriodAttendance,Core
GSDR,GEMS,00:00.0,chg-d,SASI_AATT,School Improvement and Operations,School Operations and Support,Attendance,Attendance,AttendanceAttachments,Core
GSDR,GEMS,00:00.0,chg-d,SASI_ACHS,School Improvement and Operations,School Operations and Support,Course-Class-Section,Course-Class-Section,CourseHistory-HS,Core
GSDR,GEMS,00:00.0,chg-d,SASI_ACHS_ES,School Improvement and Operations,School Operations and Support,Course-Class-Section,Course-Class-Section,CourseHistory-ES,Core
GSDR,GEMS,00:00.0,chg-d,SASI_ACHS_MS,School Improvement and Operations,School Operations and Support,Course-Class-Section,Course-Class-Section,CourseHistory-MS,Core
GSDR,GEMS,00:00.0,chg-d,SASI_ACLH,School Improvement and Operations,School Operations and Support,Course-Class-Section,Course-Class-Section,ClassHistory,Core
GSDR,GEMS,00:00.0,chg-d,SASI_ACLS,School Improvement and Operations,School Operations and Support,Course-Class-Section,Course-Class-Section,Classes,Core
GSDR,GEMS,00:00.0,chg-p,SASI_ACRS,School Improvement and Operations,School Operations and Support,Course-Class-Section,Course File,CourseFile,Core
GSDR,GEMS,00:00.0,chg-p,SASI_ACRS_RAW,School Improvement and Operations,School Operations and Support,Course-Class-Section,Course File - Raw,CourseFile-Raw,Core
GSDR,GEMS,00:00.0,chg-d,SASI_ADDITIONAL_TEACHER,School Improvement and Operations,School Operations and Support,Teacher,Teacher,AdditionalTeacher-Mayes,Core
GSDR,GEMS,00:00.0,chg-d,SASI_ADIS,School Improvement and Operations,Academic Support_ Student Discipline,Discipline,Discipline,Discipline,Core
GSDR,GEMS,00:00.0,chg-d,SASI_ADPO,School Improvement and Operations,Academic Support_ Student Discipline,Discipline,Discipline,DisciplineDispositions,Core
GSDR,GEMS,00:00.0,chg-d,SASI_ADST,School Improvement and Operations,School Operations and Support,School,School,Districtfile,Core
GSDR,GEMS,00:00.0,chg-d,SASI_AELT,Curriculum and Instructional Support,English Language Learners,EnglishSpeakers Other Languages,English Speakers Other Languages,ESOL,Core
GSDR,GEMS,00:00.0,chg-d,SASI_AEMG,School Improvement and Operations,School Operations and Support,Student Profile,Student Profile,EmergencyContacts,Core
GSDR,GEMS,00:00.0,chg-d,SASI_AENR,School Improvement and Operations,School Operations and Support,Enrollment,Enrollment,Enrollment,Core
GSDR,GEMS,00:00.0,chg-d,SASI_AENR_C,School Improvement and Operations,School Operations and Support,Enrollment,Enrollment,Enrollment-Concurrent,Core
GSDR,GEMS,00:00.0,chg-d,SASI_AENR_NON_ADA_ADM,School Improvement and Operations,School Operations and Support,Enrollment,Enrollment,Enrollment-NonADAStudents,Core
GSDR,GEMS,00:00.0,chg-d,SASI_AFEE,School Improvement and Operations,School Operations and Support,Fees,Fees,Fees,Core
GSDR,GEMS,00:00.0,chg-d,SASI_AHLT,School Improvement and Operations,Student Services_ Health and Social Services,Health,Health,Health,Core
GSDR,GEMS,00:00.0,chg-d,SASI_ALRT,School Improvement and Operations,School Operations and Support,Student,Student,StudentAlert(Health),Core
GSDR,GEMS,00:00.0,chg-d,SASI_AMST,School Improvement and Operations,School Operations and Support,Course-Class-Section,Sections,Sections,Core
GSDR,GEMS,00:00.0,chg-d,SASI_APGM,School Improvement and Operations,School Operations and Support,Program,Program,StudentPrograms,Core
GSDR,GEMS,00:00.0,chg-d,SASI_APRN,School Improvement and Operations,School Operations and Support,Parent-Guardian,Parent-Guardian,ParentGuardian,Core
GSDR,GEMS,00:00.0,static,SASI_APRN_LAST,School Improvement and Operations,School Operations and Support,Parent-Guardian,Parent-Guardian,ParentGuardian-Last,Core
GSDR,GEMS,00:00.0,chg-d,SASI_ASGR,School Improvement and Operations,School Operations and Support,School,School,StudentGroups,Core
GSDR,GEMS,00:00.0,chg-d,SASI_ASTI,School Improvement and Operations,School Operations and Support,Student Profile,Student Profile,StudentAdditionalInformation,Core
GSDR,GEMS,00:00.0,chg-d,SASI_ASTU,School Improvement and Operations,School Operations and Support,Student Profile,Student Profile,Student,Core
GSDR,GEMS,00:00.0,chg-d,SASI_ASTU_EMAIL,School Improvement and Operations,School Operations and Support,Student Profile,Student Profile,Student-StudentEmail,Core
GSDR,GEMS,00:00.0,chg-d,SASI_ASTU_NON_ADA_ADM,School Improvement and Operations,School Operations and Support,Student Profile,Student Profile,Student-NoADAStudents,Core
GSDR,GEMS,00:00.0,chg-d,SASI_ATCH,School Improvement and Operations,School Operations and Support,Teacher,Teacher,Teacher,Core
GSDR,GEMS,00:00.0,chg-d,SASI_ELL_PARENT_CONF,Curriculum and Instructional Support,English Language Learners,English Language Learners,English Language Learners,ELLParentConference,Core
GSDR,GEMS,00:00.0,chg-d,SASI_ELL_WAIVER,Curriculum and Instructional Support,English Language Learners,English Language Learners,English Language Learners,ELLWavier,Core
GSDR,GEMS,00:00.0,chg-d,SASI_PARAPRO,School Improvement and Operations,School Operations and Support,Teacher,Teacher,ParaProInformation,Core
GSDR,GEMS,00:00.0,chg-d,SASI_SMST,School Improvement and Operations,School Operations and Support,Course-Class-Section,Sections,MasterScheduleSupplemental,Core
GSDR,GEMS,00:00.0,chg-d,SASI_UABN,School Improvement and Operations,School Operations and Support,Attendance,Attendance,AbsenceNotifications,Core
GSDR,GEMS,00:00.0,chg-d,SASI_UATR,Facilities and Operations,Transportation,Transportation,Transportation,AlternateTransportation,Core
GSDR,GEMS,00:00.0,chg-d,SASI_UGFT,Curriculum and Instructional Support,Curriculum and Instruction_ Accelerated Programs and Gifted,Student Profile,Student Profile,Gifted,Core
GSDR,GEMS,00:00.0,chg-d,SASI_UPSR,School Improvement and Operations,School Operations and Support,Attendance,Attendance,Discipline(UserDefined),Core
GSDR,GEMS,00:00.0,chg-p,SLDS_Teachers,School Improvement and Operations,School Operations and Support,Longitudinal DataSystem,Longitudinal Data System,Teacher,Core
GSDR,GEMS,00:00.0,chg-d,SPED_TCH_SCHED,Human Resource and Talent Management,Data Reporting,Allocations,Allocations,Allocations,Core
