DatabaseName,SchemaName,TableName,DistrictOrganizationalBusinessArea,OrganizationalBusinessArea,FunctionalApplication,TechnicalArea,Technical Purpose,Core
ApplicationData, Student Profile,FACT_ Student EngagementInstrument,School Improvement & Operations,School Operations & Support,Student ,Student ,FACT  Student Engagement Instrument,Non
ApplicationData, Student Profile,ImageSource,School Improvement & Operations,School Operations & Support,Student ,Student ,Image Source,Non
ApplicationData,MockElection,Candidate,School Improvement & Operations,School Operations & Support ,Candidate,Process / Logging / Staging,Process / Logging / Staging,Non
ApplicationData,MockElection,CandidateResults,School Improvement & Operations,School Operations & Support ,CandidateResults,Process / Logging / Staging,Process / Logging / Staging,Non
ApplicationData,MockElection,Cluster,School Improvement & Operations,School Operations & Support ,Cluster,Process / Logging / Staging,Process / Logging / Staging,Non
ApplicationData,MockElection,Defaults,School Improvement & Operations,School Operations & Support ,Defaults,Process / Logging / Staging,Process / Logging / Staging,Non
ApplicationData,MockElection,ElectionType,School Improvement & Operations,School Operations & Support ,ElectionType,Process / Logging / Staging,Process / Logging / Staging,Non
ApplicationData,MockElection,Log4Net,School Improvement & Operations,School Operations & Support ,Process / Logging / Staging,Process / Logging / Staging,Process / Logging / Staging,Non
ApplicationData,MockElection,MeasureCluster,School Improvement & Operations,School Operations & Support ,MeasureCluster,Process / Logging / Staging,Process / Logging / Staging,Non
Assessment,dbo,ClassSize_Totals_By_Grade_WithZero,Curriculum & Instructional Support,Accountability & Assessment,Assessment,Assessment,Class Size Totals By Grade With Zero,Non
Assessment,dbo,Classworks,Curriculum & Instructional Support,Accountability & Assessment,Assessment,Assessment,Classworks,Non
Assessment,dbo,ClassworksClass,Curriculum & Instructional Support,Accountability & Assessment,Assessment,Assessment,Classworks Class,Non
Assessment,dbo,ClassworksExtra,Curriculum & Instructional Support,Accountability & Assessment,Assessment,Assessment,Classworks Extra,Non
Predictive_Analytics,SGM,1718_Assessment_SubjectArea,School Improvement & Operations,School Operations & Support,Student Growth Metrics,Student Growth Metrics,Backup table,Non
Predictive_Analytics,SGM,1718_BeginEndDuration,School Improvement & Operations,School Operations & Support,Student Growth Metrics,Student Growth Metrics,Backup table,Non
Predictive_Analytics,SGM,1718_Course_SubjectArea,School Improvement & Operations,School Operations & Support,Student Growth Metrics,Student Growth Metrics,Backup table,Non
Predictive_Analytics,SGM,1718_DistrictCalendar,School Improvement & Operations,School Operations & Support,Student Growth Metrics,Student Growth Metrics,Backup table,Non
